LoopDistributedCPU;10;2
LoopDistributedCPU;14;1
LoopDistributedCPU;6;1
LoopDistributedCPU;18;2
LoopDistributedGPU;10;11
LoopDistributedGPU;14;12
LoopDistributedGPU;6;11
LoopDistributedGPU;18;11
LoopDistributedCPU;10;1
LoopDistributedCPU;14;1
LoopDistributedCPU;6;2
LoopDistributedCPU;18;2
LoopDistributedGPU;10;10
LoopDistributedGPU;14;11
LoopDistributedGPU;6;11
LoopDistributedGPU;18;11
LoopDistributedCPU;10;2
LoopDistributedCPU;14;1
LoopDistributedCPU;6;2
LoopDistributedCPU;18;2
LoopDistributedGPU;10;10
LoopDistributedGPU;14;10
LoopDistributedGPU;6;10
LoopDistributedGPU;18;11
LoopDistributedCPU;10;2
LoopDistributedCPU;14;1
LoopDistributedCPU;6;2
LoopDistributedCPU;18;2
LoopDistributedGPU;10;11
LoopDistributedGPU;14;11
LoopDistributedGPU;6;10
LoopDistributedGPU;18;12
LoopDistributedCPU;10;1
LoopDistributedCPU;14;2
LoopDistributedCPU;6;1
LoopDistributedCPU;18;2
LoopDistributedGPU;10;12
LoopDistributedGPU;14;12
LoopDistributedGPU;6;11
LoopDistributedGPU;18;12
